{"cameraMode":{"drawMode":0,"name":"Shaded","section":"Shading Mode"},"sceneLighting":false,"audioPlay":false,"sceneViewState":{"showFog":true,"showMaterialUpdate":false,"showSkybox":true,"showFlares":true,"showImageEffects":true,"showParticleSystems":true},"in2DMode":false,"pivot":{"x":-1.6458425521850587,"y":-0.03569841384887695,"z":1.7391548156738282},"rotation":{"x":-0.08508911728858948,"y":0.8939945101737976,"z":-0.1922401487827301,"w":-0.39569899439811709},"size":1.207395076751709,"orthographic":false}